Workbook

Sheet Données Force
A1: Séance | B1: Objectif (Force/Power/Hypertrophy/Neural) | C1: Squat (kg) | D1: Squat (reps) | E1: Squat 1RM Est | F1: Front Squat (kg) | G1: Front Squat (reps) | H1: Bench (kg) | I1: Bench (reps) | J1: Bench 1RM Est | K1: Deadlift (kg) | L1: Deadlift (reps) | M1: Deadlift 1RM Est | N1: OHP (kg) | O1: OHP (reps) | P1: Rowing (kg) | Q1: Rowing (reps) | R1: Traction Lestée (kg) | S1: Traction Lestée (reps) | T1: Session Volume (kg·reps) | U1: Session Tonnage (kg) | V1: RPE Moyen (à remplir)
A2: 1 | E2: =IF(AND(C2>0,D2>0),C2*(1+D2/30),"") | J2: =IF(AND(H2>0,I2>0),H2*(1+I2/30),"") | M2: =IF(AND(K2>0,L2>0),K2*(1+L2/30),"") | T2: =IF(AND(C2>0,D2>0),C2*D2,0)+IF(AND(F2>0,G2>0),F2*G2,0)+IF(AND(H2>0,I2>0),H2*I2,0)+IF(AND(K2>0,L2>0),K2*L2,0)+IF(AND(N2>0,O2>0),N2*O2,0)+IF(AND(P2>0,Q2>0),P2*Q2,0)+IF(AND(R2>0,S2>0),R2*S2,0) | U2: =T2
A3: 2 | E3: =IF(AND(C3>0,D3>0),C3*(1+D3/30),"") | J3: =IF(AND(H3>0,I3>0),H3*(1+I3/30),"") | M3: =IF(AND(K3>0,L3>0),K3*(1+L3/30),"") | T3: =IF(AND(C3>0,D3>0),C3*D3,0)+IF(AND(F3>0,G3>0),F3*G3,0)+IF(AND(H3>0,I3>0),H3*I3,0)+IF(AND(K3>0,L3>0),K3*L3,0)+IF(AND(N3>0,O3>0),N3*O3,0)+IF(AND(P3>0,Q3>0),P3*Q3,0)+IF(AND(R3>0,S3>0),R3*S3,0) | U3: =T3
A4: 3 | E4: =IF(AND(C4>0,D4>0),C4*(1+D4/30),"") | J4: =IF(AND(H4>0,I4>0),H4*(1+I4/30),"") | M4: =IF(AND(K4>0,L4>0),K4*(1+L4/30),"") | T4: =IF(AND(C4>0,D4>0),C4*D4,0)+IF(AND(F4>0,G4>0),F4*G4,0)+IF(AND(H4>0,I4>0),H4*I4,0)+IF(AND(K4>0,L4>0),K4*L4,0)+IF(AND(N4>0,O4>0),N4*O4,0)+IF(AND(P4>0,Q4>0),P4*Q4,0)+IF(AND(R4>0,S4>0),R4*S4,0) | U4: =T4
A5: 4 | E5: =IF(AND(C5>0,D5>0),C5*(1+D5/30),"") | J5: =IF(AND(H5>0,I5>0),H5*(1+I5/30),"") | M5: =IF(AND(K5>0,L5>0),K5*(1+L5/30),"") | T5: =IF(AND(C5>0,D5>0),C5*D5,0)+IF(AND(F5>0,G5>0),F5*G5,0)+IF(AND(H5>0,I5>0),H5*I5,0)+IF(AND(K5>0,L5>0),K5*L5,0)+IF(AND(N5>0,O5>0),N5*O5,0)+IF(AND(P5>0,Q5>0),P5*Q5,0)+IF(AND(R5>0,S5>0),R5*S5,0) | U5: =T5
A6: 5 | E6: =IF(AND(C6>0,D6>0),C6*(1+D6/30),"") | J6: =IF(AND(H6>0,I6>0),H6*(1+I6/30),"") | M6: =IF(AND(K6>0,L6>0),K6*(1+L6/30),"") | T6: =IF(AND(C6>0,D6>0),C6*D6,0)+IF(AND(F6>0,G6>0),F6*G6,0)+IF(AND(H6>0,I6>0),H6*I6,0)+IF(AND(K6>0,L6>0),K6*L6,0)+IF(AND(N6>0,O6>0),N6*O6,0)+IF(AND(P6>0,Q6>0),P6*Q6,0)+IF(AND(R6>0,S6>0),R6*S6,0) | U6: =T6
A7: 6 | E7: =IF(AND(C7>0,D7>0),C7*(1+D7/30),"") | J7: =IF(AND(H7>0,I7>0),H7*(1+I7/30),"") | M7: =IF(AND(K7>0,L7>0),K7*(1+L7/30),"") | T7: =IF(AND(C7>0,D7>0),C7*D7,0)+IF(AND(F7>0,G7>0),F7*G7,0)+IF(AND(H7>0,I7>0),H7*I7,0)+IF(AND(K7>0,L7>0),K7*L7,0)+IF(AND(N7>0,O7>0),N7*O7,0)+IF(AND(P7>0,Q7>0),P7*Q7,0)+IF(AND(R7>0,S7>0),R7*S7,0) | U7: =T7
A8: 7 | E8: =IF(AND(C8>0,D8>0),C8*(1+D8/30),"") | J8: =IF(AND(H8>0,I8>0),H8*(1+I8/30),"") | M8: =IF(AND(K8>0,L8>0),K8*(1+L8/30),"") | T8: =IF(AND(C8>0,D8>0),C8*D8,0)+IF(AND(F8>0,G8>0),F8*G8,0)+IF(AND(H8>0,I8>0),H8*I8,0)+IF(AND(K8>0,L8>0),K8*L8,0)+IF(AND(N8>0,O8>0),N8*O8,0)+IF(AND(P8>0,Q8>0),P8*Q8,0)+IF(AND(R8>0,S8>0),R8*S8,0) | U8: =T8
A9: 8 | E9: =IF(AND(C9>0,D9>0),C9*(1+D9/30),"") | J9: =IF(AND(H9>0,I9>0),H9*(1+I9/30),"") | M9: =IF(AND(K9>0,L9>0),K9*(1+L9/30),"") | T9: =IF(AND(C9>0,D9>0),C9*D9,0)+IF(AND(F9>0,G9>0),F9*G9,0)+IF(AND(H9>0,I9>0),H9*I9,0)+IF(AND(K9>0,L9>0),K9*L9,0)+IF(AND(N9>0,O9>0),N9*O9,0)+IF(AND(P9>0,Q9>0),P9*Q9,0)+IF(AND(R9>0,S9>0),R9*S9,0) | U9: =T9
A10: 9 | E10: =IF(AND(C10>0,D10>0),C10*(1+D10/30),"") | J10: =IF(AND(H10>0,I10>0),H10*(1+I10/30),"") | M10: =IF(AND(K10>0,L10>0),K10*(1+L10/30),"") | T10: =IF(AND(C10>0,D10>0),C10*D10,0)+IF(AND(F10>0,G10>0),F10*G10,0)+IF(AND(H10>0,I10>0),H10*I10,0)+IF(AND(K10>0,L10>0),K10*L10,0)+IF(AND(N10>0,O10>0),N10*O10,0)+IF(AND(P10>0,Q10>0),P10*Q10,0)+IF(AND(R10>0,S10>0),R10*S10,0) | U10: =T10
A11: 10 | E11: =IF(AND(C11>0,D11>0),C11*(1+D11/30),"") | J11: =IF(AND(H11>0,I11>0),H11*(1+I11/30),"") | M11: =IF(AND(K11>0,L11>0),K11*(1+L11/30),"") | T11: =IF(AND(C11>0,D11>0),C11*D11,0)+IF(AND(F11>0,G11>0),F11*G11,0)+IF(AND(H11>0,I11>0),H11*I11,0)+IF(AND(K11>0,L11>0),K11*L11,0)+IF(AND(N11>0,O11>0),N11*O11,0)+IF(AND(P11>0,Q11>0),P11*Q11,0)+IF(AND(R11>0,S11>0),R11*S11,0) | U11: =T11
A12: 11 | E12: =IF(AND(C12>0,D12>0),C12*(1+D12/30),"") | J12: =IF(AND(H12>0,I12>0),H12*(1+I12/30),"") | M12: =IF(AND(K12>0,L12>0),K12*(1+L12/30),"") | T12: =IF(AND(C12>0,D12>0),C12*D12,0)+IF(AND(F12>0,G12>0),F12*G12,0)+IF(AND(H12>0,I12>0),H12*I12,0)+IF(AND(K12>0,L12>0),K12*L12,0)+IF(AND(N12>0,O12>0),N12*O12,0)+IF(AND(P12>0,Q12>0),P12*Q12,0)+IF(AND(R12>0,S12>0),R12*S12,0) | U12: =T12
A13: 12 | E13: =IF(AND(C13>0,D13>0),C13*(1+D13/30),"") | J13: =IF(AND(H13>0,I13>0),H13*(1+I13/30),"") | M13: =IF(AND(K13>0,L13>0),K13*(1+L13/30),"") | T13: =IF(AND(C13>0,D13>0),C13*D13,0)+IF(AND(F13>0,G13>0),F13*G13,0)+IF(AND(H13>0,I13>0),H13*I13,0)+IF(AND(K13>0,L13>0),K13*L13,0)+IF(AND(N13>0,O13>0),N13*O13,0)+IF(AND(P13>0,Q13>0),P13*Q13,0)+IF(AND(R13>0,S13>0),R13*S13,0) | U13: =T13
... A31: 30 | E31: =IF(AND(C31>0,D31>0),C31*(1+D31/30),"") | J31: =IF(AND(H31>0,I31>0),H31*(1+I31/30),"") | M31: =IF(AND(K31>0,L31>0),K31*(1+L31/30),"") | T31: =IF(AND(C31>0,D31>0),C31*D31,0)+IF(AND(F31>0,G31>0),F31*G31,0)+IF(AND(H31>0,I31>0),H31*I31,0)+IF(AND(K31>0,L31>0),K31*L31,0)+IF(AND(N31>0,O31>0),N31*O31,0)+IF(AND(P31>0,Q31>0),P31*Q31,0)+IF(AND(R31>0,S31>0),R31*S31,0) | U31: =T31

Sheet Données Calisthénie
A1: Séance | B1: HSPU (reps) | C1: MU (reps) | D1: Planche (sec) | E1: Traction Lestée (kg) | F1: Box Jump (cm) | G1: Calisth. Volume (unités)
A2: 1 | G2: =IF(B2>0,B2*10,0)+IF(C2>0,C2*15,0)+IF(D2>0,D2*1,0)+IF(E2>0,E2*5,0)+IF(F2>0,F2*2,0)
A3: 2 | G3: =IF(B3>0,B3*10,0)+IF(C3>0,C3*15,0)+IF(D3>0,D3*1,0)+IF(E3>0,E3*5,0)+IF(F3>0,F3*2,0)
A4: 3 | G4: =IF(B4>0,B4*10,0)+IF(C4>0,C4*15,0)+IF(D4>0,D4*1,0)+IF(E4>0,E4*5,0)+IF(F4>0,F4*2,0)
A5: 4 | G5: =IF(B5>0,B5*10,0)+IF(C5>0,C5*15,0)+IF(D5>0,D5*1,0)+IF(E5>0,E5*5,0)+IF(F5>0,F5*2,0)
A6: 5 | G6: =IF(B6>0,B6*10,0)+IF(C6>0,C6*15,0)+IF(D6>0,D6*1,0)+IF(E6>0,E6*5,0)+IF(F6>0,F6*2,0)
A7: 6 | G7: =IF(B7>0,B7*10,0)+IF(C7>0,C7*15,0)+IF(D7>0,D7*1,0)+IF(E7>0,E7*5,0)+IF(F7>0,F7*2,0)
A8: 7 | G8: =IF(B8>0,B8*10,0)+IF(C8>0,C8*15,0)+IF(D8>0,D8*1,0)+IF(E8>0,E8*5,0)+IF(F8>0,F8*2,0)
A9: 8 | G9: =IF(B9>0,B9*10,0)+IF(C9>0,C9*15,0)+IF(D9>0,D9*1,0)+IF(E9>0,E9*5,0)+IF(F9>0,F9*2,0)
A10: 9 | G10: =IF(B10>0,B10*10,0)+IF(C10>0,C10*15,0)+IF(D10>0,D10*1,0)+IF(E10>0,E10*5,0)+IF(F10>0,F10*2,0)
A11: 10 | G11: =IF(B11>0,B11*10,0)+IF(C11>0,C11*15,0)+IF(D11>0,D11*1,0)+IF(E11>0,E11*5,0)+IF(F11>0,F11*2,0)
A12: 11 | G12: =IF(B12>0,B12*10,0)+IF(C12>0,C12*15,0)+IF(D12>0,D12*1,0)+IF(E12>0,E12*5,0)+IF(F12>0,F12*2,0)
A13: 12 | G13: =IF(B13>0,B13*10,0)+IF(C13>0,C13*15,0)+IF(D13>0,D13*1,0)+IF(E13>0,E13*5,0)+IF(F13>0,F13*2,0)
... A31: 30 | G31: =IF(B31>0,B31*10,0)+IF(C31>0,C31*15,0)+IF(D31>0,D31*1,0)+IF(E31>0,E31*5,0)+IF(F31>0,F31*2,0)

Sheet Suivi Charge RPE
A1: Exercice | B1: Séries | C1: Répétitions | D1: RPE | E1: Charge Utilisée (kg) | F1: 1RM Estimée (kg) | G1: Charge Cible Auto (kg)
F2: =IF(E2>0,E2*(1+C2/30),"") | G2: =IF(E2>0,F2*CHOOSE(D2-4,0.80,0.84,0.88,0.92,0.96,1.00),"")
F3: =IF(E3>0,E3*(1+C3/30),"") | G3: =IF(E3>0,F3*CHOOSE(D3-4,0.80,0.84,0.88,0.92,0.96,1.00),"")
F4: =IF(E4>0,E4*(1+C4/30),"") | G4: =IF(E4>0,F4*CHOOSE(D4-4,0.80,0.84,0.88,0.92,0.96,1.00),"")
F5: =IF(E5>0,E5*(1+C5/30),"") | G5: =IF(E5>0,F5*CHOOSE(D5-4,0.80,0.84,0.88,0.92,0.96,1.00),"")
F6: =IF(E6>0,E6*(1+C6/30),"") | G6: =IF(E6>0,F6*CHOOSE(D6-4,0.80,0.84,0.88,0.92,0.96,1.00),"")
F7: =IF(E7>0,E7*(1+C7/30),"") | G7: =IF(E7>0,F7*CHOOSE(D7-4,0.80,0.84,0.88,0.92,0.96,1.00),"")
F8: =IF(E8>0,E8*(1+C8/30),"") | G8: =IF(E8>0,F8*CHOOSE(D8-4,0.80,0.84,0.88,0.92,0.96,1.00),"")
F9: =IF(E9>0,E9*(1+C9/30),"") | G9: =IF(E9>0,F9*CHOOSE(D9-4,0.80,0.84,0.88,0.92,0.96,1.00),"")
F10: =IF(E10>0,E10*(1+C10/30),"") | G10: =IF(E10>0,F10*CHOOSE(D10-4,0.80,0.84,0.88,0.92,0.96,1.00),"")
F11: =IF(E11>0,E11*(1+C11/30),"") | G11: =IF(E11>0,F11*CHOOSE(D11-4,0.80,0.84,0.88,0.92,0.96,1.00),"")
F12: =IF(E12>0,E12*(1+C12/30),"") | G12: =IF(E12>0,F12*CHOOSE(D12-4,0.80,0.84,0.88,0.92,0.96,1.00),"")
F13: =IF(E13>0,E13*(1+C13/30),"") | G13: =IF(E13>0,F13*CHOOSE(D13-4,0.80,0.84,0.88,0.92,0.96,1.00),"")
... F41: =IF(E41>0,E41*(1+C41/30),"") | G41: =IF(E41>0,F41*CHOOSE(D41-4,0.80,0.84,0.88,0.92,0.96,1.00),"")

Sheet RPE_Table_1RM
A1: Exercice | B1: 1RM Réf (kg) | C1: RPE | D1: Charge Cible (kg)
A2: Front Squat | C2: 5 | D2: =IF(B2>0, B2*CHOOSE(C2-4,0.80,0.84,0.88,0.92,0.96,1.00),"")
A3: Front Squat | C3: 6 | D3: =IF(B3>0, B3*CHOOSE(C3-4,0.80,0.84,0.88,0.92,0.96,1.00),"")
A4: Front Squat | C4: 7 | D4: =IF(B4>0, B4*CHOOSE(C4-4,0.80,0.84,0.88,0.92,0.96,1.00),"")
A5: Front Squat | C5: 8 | D5: =IF(B5>0, B5*CHOOSE(C5-4,0.80,0.84,0.88,0.92,0.96,1.00),"")
A6: Front Squat | C6: 9 | D6: =IF(B6>0, B6*CHOOSE(C6-4,0.80,0.84,0.88,0.92,0.96,1.00),"")
A7: Front Squat | C7: 10 | D7: =IF(B7>0, B7*CHOOSE(C7-4,0.80,0.84,0.88,0.92,0.96,1.00),"")
A8: Back Squat | C8: 5 | D8: =IF(B8>0, B8*CHOOSE(C8-4,0.80,0.84,0.88,0.92,0.96,1.00),"")
A9: Back Squat | C9: 6 | D9: =IF(B9>0, B9*CHOOSE(C9-4,0.80,0.84,0.88,0.92,0.96,1.00),"")
A10: Back Squat | C10: 7 | D10: =IF(B10>0, B10*CHOOSE(C10-4,0.80,0.84,0.88,0.92,0.96,1.00),"")
A11: Back Squat | C11: 8 | D11: =IF(B11>0, B11*CHOOSE(C11-4,0.80,0.84,0.88,0.92,0.96,1.00),"")
A12: Back Squat | C12: 9 | D12: =IF(B12>0, B12*CHOOSE(C12-4,0.80,0.84,0.88,0.92,0.96,1.00),"")
A13: Back Squat | C13: 10 | D13: =IF(B13>0, B13*CHOOSE(C13-4,0.80,0.84,0.88,0.92,0.96,1.00),"")
... A229: Pompes Diamant | C229: 10 | D229: =IF(B229>0, B229*CHOOSE(C229-4,0.80,0.84,0.88,0.92,0.96,1.00),"")

Sheet RPE_Jour_Reps
A1: Exercice | B1: Charge (kg) | C1: Reps | D1: RPE Cible | E1: Charge RPE Cible (kg)
A2: Front Squat | D2: 5 | E2: =IF(AND(B2>0,C2>0), B2 * (1 + C2/30) * CHOOSE(D2-4,0.80,0.84,0.88,0.92,0.96,1.00),"")
A3: Front Squat | D3: 6 | E3: =IF(AND(B3>0,C3>0), B3 * (1 + C3/30) * CHOOSE(D3-4,0.80,0.84,0.88,0.92,0.96,1.00),"")
A4: Front Squat | D4: 7 | E4: =IF(AND(B4>0,C4>0), B4 * (1 + C4/30) * CHOOSE(D4-4,0.80,0.84,0.88,0.92,0.96,1.00),"")
A5: Front Squat | D5: 8 | E5: =IF(AND(B5>0,C5>0), B5 * (1 + C5/30) * CHOOSE(D5-4,0.80,0.84,0.88,0.92,0.96,1.00),"")
A6: Front Squat | D6: 9 | E6: =IF(AND(B6>0,C6>0), B6 * (1 + C6/30) * CHOOSE(D6-4,0.80,0.84,0.88,0.92,0.96,1.00),"")
A7: Front Squat | D7: 10 | E7: =IF(AND(B7>0,C7>0), B7 * (1 + C7/30) * CHOOSE(D7-4,0.80,0.84,0.88,0.92,0.96,1.00),"")
A8: Back Squat | D8: 5 | E8: =IF(AND(B8>0,C8>0), B8 * (1 + C8/30) * CHOOSE(D8-4,0.80,0.84,0.88,0.92,0.96,1.00),"")
A9: Back Squat | D9: 6 | E9: =IF(AND(B9>0,C9>0), B9 * (1 + C9/30) * CHOOSE(D9-4,0.80,0.84,0.88,0.92,0.96,1.00),"")
A10: Back Squat | D10: 7 | E10: =IF(AND(B10>0,C10>0), B10 * (1 + C10/30) * CHOOSE(D10-4,0.80,0.84,0.88,0.92,0.96,1.00),"")
A11: Back Squat | D11: 8 | E11: =IF(AND(B11>0,C11>0), B11 * (1 + C11/30) * CHOOSE(D11-4,0.80,0.84,0.88,0.92,0.96,1.00),"")
A12: Back Squat | D12: 9 | E12: =IF(AND(B12>0,C12>0), B12 * (1 + C12/30) * CHOOSE(D12-4,0.80,0.84,0.88,0.92,0.96,1.00),"")
A13: Back Squat | D13: 10 | E13: =IF(AND(B13>0,C13>0), B13 * (1 + C13/30) * CHOOSE(D13-4,0.80,0.84,0.88,0.92,0.96,1.00),"")
... A229: Pompes Diamant | D229: 10 | E229: =IF(AND(B229>0,C229>0), B229 * (1 + C229/30) * CHOOSE(D229-4,0.80,0.84,0.88,0.92,0.96,1.00),"")

Sheet PR Automatiques
A1: Exercice | B1: PR Value | C1: Type | D1: Notes
A2: Squat (kg) | B2: =MAX('Données Force'!C2:C31) | C2: Force
A3: Bench (kg) | B3: =MAX('Données Force'!H2:H31) | C3: Force
A4: Deadlift (kg) | B4: =MAX('Données Force'!K2:K31) | C4: Force
A5: Traction Lestée (kg) | B5: =MAX('Données Force'!R2:R31) | C5: Force
A6: HSPU (reps) | B6: =MAX('Données Calisthénie'!B2:B31) | C6: Calisthénie
A7: MU (reps) | B7: =MAX('Données Calisthénie'!C2:C31) | C7: Calisthénie
A8: Planche (sec) | B8: =MAX('Données Calisthénie'!D2:D31) | C8: Calisthénie
A9: Box Jump (cm) | B9: =MAX('Données Calisthénie'!F2:F31) | C9: Calisthénie

Sheet Calculs & Reco
A1: Séance | B1: Exercice | C1: kg | D1: reps | E1: 1RM Est (Epley) | F1: %1RM du jour | G1: RPE Théorique | H1: Objectif | I1: Target %1RM | J1: Charge Reco (kg)
A2: 2 | B2: Squat | C2: ='Données Force'!C2 | D2: ='Données Force'!D2 | E2: =IF(AND('Données Force'!C2>0,'Données Force'!D2>0),'Données Force'!C2*(1+'Données Force'!D2/30),"") | F2: =IFERROR(C2/E2,"") | G2: =IF(F2="","",IF(F2>=0.97,10,IF(F2>=0.93,9,IF(F2>=0.88,8,IF(F2>=0.83,7,6))))) | H2: ='Données Force'!B2 | I2: =IF(H2="","",IF(H2="Force",0.94,IF(H2="Power",0.65,IF(H2="Hypertrophy",0.80,IF(H2="Neural",0.90,0.80))))) | J2: =IF(E2="","",ROUND(I2*E2,0))
A3: 2 | B3: Bench | C3: ='Données Force'!H2 | D3: ='Données Force'!I2 | E3: =IF(AND('Données Force'!H2>0,'Données Force'!I2>0),'Données Force'!H2*(1+'Données Force'!I2/30),"") | F3: =IFERROR(C3/E3,"") | G3: =IF(F3="","",IF(F3>=0.97,10,IF(F3>=0.93,9,IF(F3>=0.88,8,IF(F3>=0.83,7,6))))) | H3: ='Données Force'!B2 | I3: =IF(H3="","",IF(H3="Force",0.94,IF(H3="Power",0.65,IF(H3="Hypertrophy",0.80,IF(H3="Neural",0.90,0.80))))) | J3: =IF(E3="","",ROUND(I3*E3,0))
A4: 2 | B4: Deadlift | C4: ='Données Force'!K2 | D4: ='Données Force'!L2 | E4: =IF(AND('Données Force'!K2>0,'Données Force'!L2>0),'Données Force'!K2*(1+'Données Force'!L2/30),"") | F4: =IFERROR(C4/E4,"") | G4: =IF(F4="","",IF(F4>=0.97,10,IF(F4>=0.93,9,IF(F4>=0.88,8,IF(F4>=0.83,7,6))))) | H4: ='Données Force'!B2 | I4: =IF(H4="","",IF(H4="Force",0.94,IF(H4="Power",0.65,IF(H4="Hypertrophy",0.80,IF(H4="Neural",0.90,0.80))))) | J4: =IF(E4="","",ROUND(I4*E4,0))
A5: 2 | B5: Traction Lestée | C5: ='Données Force'!R2 | D5: ='Données Force'!S2 | E5: =IF(AND('Données Force'!R2>0,'Données Force'!S2>0),'Données Force'!R2*(1+'Données Force'!S2/30),"") | F5: =IFERROR(C5/E5,"") | G5: =IF(F5="","",IF(F5>=0.97,10,IF(F5>=0.93,9,IF(F5>=0.88,8,IF(F5>=0.83,7,6))))) | H5: ='Données Force'!B2 | I5: =IF(H5="","",IF(H5="Force",0.94,IF(H5="Power",0.65,IF(H5="Hypertrophy",0.80,IF(H5="Neural",0.90,0.80))))) | J5: =IF(E5="","",ROUND(I5*E5,0))

Sheet Fatigue & Readiness
A1: Séance | B1: Session Volume (kg·reps) | C1: Calisth. Volume | D1: Weekly Volume (7 séances) | E1: Monotony (SD 7 séances) | F1: Strain (Vol*Mono) | G1: Risk Level (Elite)
A2: 1 | B2: ='Données Force'!T2 | C2: ='Données Calisthénie'!G2 | D2: =SUM('Données Force'!T2:'Données Force'!T2) | E2: =IF(COUNT('Données Force'!T2:'Données Force'!T2)>1,STDEV.P('Données Force'!T2:'Données Force'!T2),0) | F2: =D2*E2 | G2: =IF(F2="","",IF(F2>100000,"High",IF(F2>40000,"Medium","Low")))
A3: 2 | B3: ='Données Force'!T3 | C3: ='Données Calisthénie'!G3 | D3: =SUM('Données Force'!T2:'Données Force'!T3) | E3: =IF(COUNT('Données Force'!T2:'Données Force'!T3)>1,STDEV.P('Données Force'!T2:'Données Force'!T3),0) | F3: =D3*E3 | G3: =IF(F3="","",IF(F3>100000,"High",IF(F3>40000,"Medium","Low")))
A4: 3 | B4: ='Données Force'!T4 | C4: ='Données Calisthénie'!G4 | D4: =SUM('Données Force'!T2:'Données Force'!T4) | E4: =IF(COUNT('Données Force'!T2:'Données Force'!T4)>1,STDEV.P('Données Force'!T2:'Données Force'!T4),0) | F4: =D4*E4 | G4: =IF(F4="","",IF(F4>100000,"High",IF(F4>40000,"Medium","Low")))
A5: 4 | B5: ='Données Force'!T5 | C5: ='Données Calisthénie'!G5 | D5: =SUM('Données Force'!T2:'Données Force'!T5) | E5: =IF(COUNT('Données Force'!T2:'Données Force'!T5)>1,STDEV.P('Données Force'!T2:'Données Force'!T5),0) | F5: =D5*E5 | G5: =IF(F5="","",IF(F5>100000,"High",IF(F5>40000,"Medium","Low")))
A6: 5 | B6: ='Données Force'!T6 | C6: ='Données Calisthénie'!G6 | D6: =SUM('Données Force'!T2:'Données Force'!T6) | E6: =IF(COUNT('Données Force'!T2:'Données Force'!T6)>1,STDEV.P('Données Force'!T2:'Données Force'!T6),0) | F6: =D6*E6 | G6: =IF(F6="","",IF(F6>100000,"High",IF(F6>40000,"Medium","Low")))
A7: 6 | B7: ='Données Force'!T7 | C7: ='Données Calisthénie'!G7 | D7: =SUM('Données Force'!T2:'Données Force'!T7) | E7: =IF(COUNT('Données Force'!T2:'Données Force'!T7)>1,STDEV.P('Données Force'!T2:'Données Force'!T7),0) | F7: =D7*E7 | G7: =IF(F7="","",IF(F7>100000,"High",IF(F7>40000,"Medium","Low")))
A8: 7 | B8: ='Données Force'!T8 | C8: ='Données Calisthénie'!G8 | D8: =SUM('Données Force'!T2:'Données Force'!T8) | E8: =IF(COUNT('Données Force'!T2:'Données Force'!T8)>1,STDEV.P('Données Force'!T2:'Données Force'!T8),0) | F8: =D8*E8 | G8: =IF(F8="","",IF(F8>100000,"High",IF(F8>40000,"Medium","Low")))
A9: 8 | B9: ='Données Force'!T9 | C9: ='Données Calisthénie'!G9 | D9: =SUM('Données Force'!T3:'Données Force'!T9) | E9: =IF(COUNT('Données Force'!T3:'Données Force'!T9)>1,STDEV.P('Données Force'!T3:'Données Force'!T9),0) | F9: =D9*E9 | G9: =IF(F9="","",IF(F9>100000,"High",IF(F9>40000,"Medium","Low")))
A10: 9 | B10: ='Données Force'!T10 | C10: ='Données Calisthénie'!G10 | D10: =SUM('Données Force'!T4:'Données Force'!T10) | E10: =IF(COUNT('Données Force'!T4:'Données Force'!T10)>1,STDEV.P('Données Force'!T4:'Données Force'!T10),0) | F10: =D10*E10 | G10: =IF(F10="","",IF(F10>100000,"High",IF(F10>40000,"Medium","Low")))
A11: 10 | B11: ='Données Force'!T11 | C11: ='Données Calisthénie'!G11 | D11: =SUM('Données Force'!T5:'Données Force'!T11) | E11: =IF(COUNT('Données Force'!T5:'Données Force'!T11)>1,STDEV.P('Données Force'!T5:'Données Force'!T11),0) | F11: =D11*E11 | G11: =IF(F11="","",IF(F11>100000,"High",IF(F11>40000,"Medium","Low")))
A12: 11 | B12: ='Données Force'!T12 | C12: ='Données Calisthénie'!G12 | D12: =SUM('Données Force'!T6:'Données Force'!T12) | E12: =IF(COUNT('Données Force'!T6:'Données Force'!T12)>1,STDEV.P('Données Force'!T6:'Données Force'!T12),0) | F12: =D12*E12 | G12: =IF(F12="","",IF(F12>100000,"High",IF(F12>40000,"Medium","Low")))
A13: 12 | B13: ='Données Force'!T13 | C13: ='Données Calisthénie'!G13 | D13: =SUM('Données Force'!T7:'Données Force'!T13) | E13: =IF(COUNT('Données Force'!T7:'Données Force'!T13)>1,STDEV.P('Données Force'!T7:'Données Force'!T13),0) | F13: =D13*E13 | G13: =IF(F13="","",IF(F13>100000,"High",IF(F13>40000,"Medium","Low")))
A14: 13 | B14: ='Données Force'!T14 | C14: ='Données Calisthénie'!G14 | D14: =SUM('Données Force'!T8:'Données Force'!T14) | E14: =IF(COUNT('Données Force'!T8:'Données Force'!T14)>1,STDEV.P('Données Force'!T8:'Données Force'!T14),0) | F14: =D14*E14 | G14: =IF(F14="","",IF(F14>100000,"High",IF(F14>40000,"Medium","Low")))
A15: 14 | B15: ='Données Force'!T15 | C15: ='Données Calisthénie'!G15 | D15: =SUM('Données Force'!T9:'Données Force'!T15) | E15: =IF(COUNT('Données Force'!T9:'Données Force'!T15)>1,STDEV.P('Données Force'!T9:'Données Force'!T15),0) | F15: =D15*E15 | G15: =IF(F15="","",IF(F15>100000,"High",IF(F15>40000,"Medium","Low")))
A16: 15 | B16: ='Données Force'!T16 | C16: ='Données Calisthénie'!G16 | D16: =SUM('Données Force'!T10:'Données Force'!T16) | E16: =IF(COUNT('Données Force'!T10:'Données Force'!T16)>1,STDEV.P('Données Force'!T10:'Données Force'!T16),0) | F16: =D16*E16 | G16: =IF(F16="","",IF(F16>100000,"High",IF(F16>40000,"Medium","Low")))
A17: 16 | B17: ='Données Force'!T17 | C17: ='Données Calisthénie'!G17 | D17: =SUM('Données Force'!T11:'Données Force'!T17) | E17: =IF(COUNT('Données Force'!T11:'Données Force'!T17)>1,STDEV.P('Données Force'!T11:'Données Force'!T17),0) | F17: =D17*E17 | G17: =IF(F17="","",IF(F17>100000,"High",IF(F17>40000,"Medium","Low")))
A18: 17 | B18: ='Données Force'!T18 | C18: ='Données Calisthénie'!G18 | D18: =SUM('Données Force'!T12:'Données Force'!T18) | E18: =IF(COUNT('Données Force'!T12:'Données Force'!T18)>1,STDEV.P('Données Force'!T12:'Données Force'!T18),0) | F18: =D18*E18 | G18: =IF(F18="","",IF(F18>100000,"High",IF(F18>40000,"Medium","Low")))
A19: 18 | B19: ='Données Force'!T19 | C19: ='Données Calisthénie'!G19 | D19: =SUM('Données Force'!T13:'Données Force'!T19) | E19: =IF(COUNT('Données Force'!T13:'Données Force'!T19)>1,STDEV.P('Données Force'!T13:'Données Force'!T19),0) | F19: =D19*E19 | G19: =IF(F19="","",IF(F19>100000,"High",IF(F19>40000,"Medium","Low")))
... A31: 30 | B31: ='Données Force'!T31 | C31: ='Données Calisthénie'!G31 | D31: =SUM('Données Force'!T25:'Données Force'!T31) | E31: =IF(COUNT('Données Force'!T25:'Données Force'!T31)>1,STDEV.P('Données Force'!T25:'Données Force'!T31),0) | F31: =D31*E31 | G31: =IF(F31="","",IF(F31>100000,"High",IF(F31>40000,"Medium","Low")))

Sheet Lifestyle
A1: Jour | B1: Sommeil (0-10) | C1: Hydratation (0-10) | D1: Nutrition (0-10) | E1: Stress (0-10) | F1: Concentration (0-10) | G1: Énergie (0-10) | H1: Humeur (0-10) | I1: Readiness (0-100)
A2: 1 | I2: =AVERAGE(B2:H2)*10
A3: 2 | I3: =AVERAGE(B3:H3)*10
A4: 3 | I4: =AVERAGE(B4:H4)*10
A5: 4 | I5: =AVERAGE(B5:H5)*10
A6: 5 | I6: =AVERAGE(B6:H6)*10
A7: 6 | I7: =AVERAGE(B7:H7)*10
A8: 7 | I8: =AVERAGE(B8:H8)*10
A9: 8 | I9: =AVERAGE(B9:H9)*10
A10: 9 | I10: =AVERAGE(B10:H10)*10
A11: 10 | I11: =AVERAGE(B11:H11)*10
A12: 11 | I12: =AVERAGE(B12:H12)*10
A13: 12 | I13: =AVERAGE(B13:H13)*10
... A31: 30 | I31: =AVERAGE(B31:H31)*10

Sheet Score Athlète Hybride
A1: Exercice | B1: PR | C1: Catégorie | D1: Score Normalisé (0-100) | F1: Score Global SAH
A2: Squat (kg) | B2: =INDEX('PR Automatiques'!B:B,MATCH(A2,'PR Automatiques'!A:A,0)) | C2: Force | F2: =0.35*AVERAGEIF(C2:C9,"Force",D2:D9)+0.35*AVERAGEIF(C2:C9,"Explosivité",D2:D9)+0.10*AVERAGEIF(C2:C9,"Endurance",D2:D9)+0.20*AVERAGEIF(C2:C9,"Puissance Nerveuse",D2:D9)
A3: Bench (kg) | B3: =INDEX('PR Automatiques'!B:B,MATCH(A3,'PR Automatiques'!A:A,0)) | C3: Force
A4: Deadlift (kg) | B4: =INDEX('PR Automatiques'!B:B,MATCH(A4,'PR Automatiques'!A:A,0)) | C4: Force
A5: Traction Lestée (kg) | B5: =INDEX('PR Automatiques'!B:B,MATCH(A5,'PR Automatiques'!A:A,0)) | C5: Explosivité
A6: HSPU (reps) | B6: =INDEX('PR Automatiques'!B:B,MATCH(A6,'PR Automatiques'!A:A,0)) | C6: Explosivité
A7: MU (reps) | B7: =INDEX('PR Automatiques'!B:B,MATCH(A7,'PR Automatiques'!A:A,0)) | C7: Explosivité
A8: Planche (sec) | B8: =INDEX('PR Automatiques'!B:B,MATCH(A8,'PR Automatiques'!A:A,0)) | C8: Puissance Nerveuse
A9: Box Jump (cm) | B9: =INDEX('PR Automatiques'!B:B,MATCH(A9,'PR Automatiques'!A:A,0)) | C9: Explosivité

Sheet Auto-Séance
A1: Readiness | B1: Fatigue | C1: Suggestion
A2: =AVERAGE('Lifestyle'!I2:I31) | B2: =AVERAGE('Fatigue & Readiness'!F2:F31) | C2: =IF(A2>80,"Heavy Day",IF(A2>60,"Technique / Speed",IF(A2>40,"Hypertrophy",IF(A2>20,"Calisthénie Only","Rest / Mobility"))))

Sheet MicroCycle Peak
A2: MICRO-CYCLE PEAK PERFORMANCE (7 jours)
A4: Jour 1 — Activation Nerveuse + Explosivité
A5: HSPU 6×2, MU 5×1, Planche 6×10s
A6: Box Jump 6×2, Sprints 20m
A7: Squat 3×2, Bench 3×2, Traction Lestée 3×2
A9: Jour 2 — Technique + Vitesse
A10: HSPU negatives, MU transitions
A11: Clapping push-ups, Kipping pulls
A12: Deadlift 2×2, Rowing explosif 3×3
A14: Jour 3 — Rest/Mobilité
A16: Jour 4 — Peak Legs
A17: Pistol squat, Broad jump, Sprints
... A27: Jour 7 — Peak Test (max 2 tests lourds)

Sheet Plan Annuel
A1: Mois | B1: Objectif Principal | C1: Type de Mésocycle | D1: Focus Force | E1: Focus Explosivité | F1: Focus Skill | G1: Volume Cible | H1: Intensité Cible | I1: Notes
A2: Janvier | C2: =IF(OR(ROW()=2,ROW()=3,ROW()=4),"Accumulation",IF(ROW()=5,"Peak",IF(ROW()=6,"Deload","Accumulation")))
A3: Février | C3: =IF(OR(ROW()=2,ROW()=3,ROW()=4),"Accumulation",IF(ROW()=5,"Peak",IF(ROW()=6,"Deload","Accumulation")))
A4: Mars | C4: =IF(OR(ROW()=2,ROW()=3,ROW()=4),"Accumulation",IF(ROW()=5,"Peak",IF(ROW()=6,"Deload","Accumulation")))
A5: Avril | C5: =IF(OR(ROW()=2,ROW()=3,ROW()=4),"Accumulation",IF(ROW()=5,"Peak",IF(ROW()=6,"Deload","Accumulation")))
A6: Mai | C6: =IF(OR(ROW()=2,ROW()=3,ROW()=4),"Accumulation",IF(ROW()=5,"Peak",IF(ROW()=6,"Deload","Accumulation")))
A7: Juin | C7: =IF(OR(ROW()=2,ROW()=3,ROW()=4),"Accumulation",IF(ROW()=5,"Peak",IF(ROW()=6,"Deload","Accumulation")))
A8: Juillet | C8: =IF(OR(ROW()=2,ROW()=3,ROW()=4),"Accumulation",IF(ROW()=5,"Peak",IF(ROW()=6,"Deload","Accumulation")))
A9: Août | C9: =IF(OR(ROW()=2,ROW()=3,ROW()=4),"Accumulation",IF(ROW()=5,"Peak",IF(ROW()=6,"Deload","Accumulation")))
A10: Septembre | C10: =IF(OR(ROW()=2,ROW()=3,ROW()=4),"Accumulation",IF(ROW()=5,"Peak",IF(ROW()=6,"Deload","Accumulation")))
A11: Octobre | C11: =IF(OR(ROW()=2,ROW()=3,ROW()=4),"Accumulation",IF(ROW()=5,"Peak",IF(ROW()=6,"Deload","Accumulation")))
A12: Novembre | C12: =IF(OR(ROW()=2,ROW()=3,ROW()=4),"Accumulation",IF(ROW()=5,"Peak",IF(ROW()=6,"Deload","Accumulation")))
A13: Décembre | C13: =IF(OR(ROW()=2,ROW()=3,ROW()=4),"Accumulation",IF(ROW()=5,"Peak",IF(ROW()=6,"Deload","Accumulation")))

Sheet Mésocycle-Type
A1: Semaine | B1: Type | C1: Volume Cible | D1: Intensité Cible | E1: Skill Focus | F1: Force Focus | G1: Explosivité Focus
A2: S1 | B2: Accumulation | C2: High | D2: Low | E2: Base Skill | F2: Volume Force | G2: Low Plyo
A3: S2 | B3: Accumulation | C3: High | D3: Medium | E3: Skill+ | F3: Force+ | G3: Explosivité+
A4: S3 | B4: Intensification | C4: Medium | D4: High | E4: Skill avancé | F4: Heavy Strength | G4: Power
A5: S4 | B5: Deload | C5: Low | D5: Low | E5: Technique | F5: Léger | G5: Repos nerveux

Sheet Auto-Mesocycles
A1: Mois | B1: S1 Type | C1: S2 Type | D1: S3 Type | E1: S4 Type | F1: Volume Moyen | G1: Intensité Moyenne
A2: Janvier | B2: ='Mésocycle-Type'!B2 | C2: ='Mésocycle-Type'!B3 | D2: ='Mésocycle-Type'!B4 | E2: ='Mésocycle-Type'!B5 | F2: =AVERAGE('Mésocycle-Type'!C2:C5) | G2: =AVERAGE('Mésocycle-Type'!D2:D5)
A3: Février | B3: ='Mésocycle-Type'!B2 | C3: ='Mésocycle-Type'!B3 | D3: ='Mésocycle-Type'!B4 | E3: ='Mésocycle-Type'!B5 | F3: =AVERAGE('Mésocycle-Type'!C2:C5) | G3: =AVERAGE('Mésocycle-Type'!D2:D5)
A4: Mars | B4: ='Mésocycle-Type'!B2 | C4: ='Mésocycle-Type'!B3 | D4: ='Mésocycle-Type'!B4 | E4: ='Mésocycle-Type'!B5 | F4: =AVERAGE('Mésocycle-Type'!C2:C5) | G4: =AVERAGE('Mésocycle-Type'!D2:D5)
A5: Avril | B5: ='Mésocycle-Type'!B2 | C5: ='Mésocycle-Type'!B3 | D5: ='Mésocycle-Type'!B4 | E5: ='Mésocycle-Type'!B5 | F5: =AVERAGE('Mésocycle-Type'!C2:C5) | G5: =AVERAGE('Mésocycle-Type'!D2:D5)
A6: Mai | B6: ='Mésocycle-Type'!B2 | C6: ='Mésocycle-Type'!B3 | D6: ='Mésocycle-Type'!B4 | E6: ='Mésocycle-Type'!B5 | F6: =AVERAGE('Mésocycle-Type'!C2:C5) | G6: =AVERAGE('Mésocycle-Type'!D2:D5)
A7: Juin | B7: ='Mésocycle-Type'!B2 | C7: ='Mésocycle-Type'!B3 | D7: ='Mésocycle-Type'!B4 | E7: ='Mésocycle-Type'!B5 | F7: =AVERAGE('Mésocycle-Type'!C2:C5) | G7: =AVERAGE('Mésocycle-Type'!D2:D5)
A8: Juillet | B8: ='Mésocycle-Type'!B2 | C8: ='Mésocycle-Type'!B3 | D8: ='Mésocycle-Type'!B4 | E8: ='Mésocycle-Type'!B5 | F8: =AVERAGE('Mésocycle-Type'!C2:C5) | G8: =AVERAGE('Mésocycle-Type'!D2:D5)
A9: Août | B9: ='Mésocycle-Type'!B2 | C9: ='Mésocycle-Type'!B3 | D9: ='Mésocycle-Type'!B4 | E9: ='Mésocycle-Type'!B5 | F9: =AVERAGE('Mésocycle-Type'!C2:C5) | G9: =AVERAGE('Mésocycle-Type'!D2:D5)
A10: Septembre | B10: ='Mésocycle-Type'!B2 | C10: ='Mésocycle-Type'!B3 | D10: ='Mésocycle-Type'!B4 | E10: ='Mésocycle-Type'!B5 | F10: =AVERAGE('Mésocycle-Type'!C2:C5) | G10: =AVERAGE('Mésocycle-Type'!D2:D5)
A11: Octobre | B11: ='Mésocycle-Type'!B2 | C11: ='Mésocycle-Type'!B3 | D11: ='Mésocycle-Type'!B4 | E11: ='Mésocycle-Type'!B5 | F11: =AVERAGE('Mésocycle-Type'!C2:C5) | G11: =AVERAGE('Mésocycle-Type'!D2:D5)
A12: Novembre | B12: ='Mésocycle-Type'!B2 | C12: ='Mésocycle-Type'!B3 | D12: ='Mésocycle-Type'!B4 | E12: ='Mésocycle-Type'!B5 | F12: =AVERAGE('Mésocycle-Type'!C2:C5) | G12: =AVERAGE('Mésocycle-Type'!D2:D5)
A13: Décembre | B13: ='Mésocycle-Type'!B2 | C13: ='Mésocycle-Type'!B3 | D13: ='Mésocycle-Type'!B4 | E13: ='Mésocycle-Type'!B5 | F13: =AVERAGE('Mésocycle-Type'!C2:C5) | G13: =AVERAGE('Mésocycle-Type'!D2:D5)

Sheet Peak Planner
A1: Semaine | B1: Focus | C1: Charge Cible (%1RM) | D1: Volume | E1: Objectif
A2: S-4 | B2: Base Strength | C2: 0.75 | D2: High | E2: Accumulation
A3: S-3 | B3: Strength+ | C3: 0.8 | D3: Medium | E3: Intensification 1
A4: S-2 | B4: Power | C4: 0.85 | D4: Low-Medium | E4: Intensification 2
A5: S-1 | B5: Peak Test | C5: 0.9 | D5: Low | E5: Test Maximal

Sheet Plan Jour Auto
A1: Readiness | B1: Fatigue | C1: Objectif Mésocycle | D1: Séance Recommandée
A2: =AVERAGE('Lifestyle'!I2:I31) | B2: =AVERAGE('Fatigue & Readiness'!F2:F31) | C2: ='Plan Annuel'!C2 | D2: =IF(A2>80,IF(C2="Peak","Heavy Strength","High Skill"),IF(A2>60,IF(C2="Accumulation","Medium Volume","Speed Technique"),IF(A2>40,"Hypertrophy / Skill","Recovery / Mobility")))

Sheet Prévisions & Evolution
A1: Exercice | B1: Dernier 1RM Est | C1: Trend (SLOPE) | D1: Prévision 4 semaines | E1: Commentaire
A2: Squat | B2: =LOOKUP(10^10,'Données Force'!E2:E31) | C2: =SLOPE('Données Force'!E2:E31,'Données Force'!A2:A31) | D2: =FORECAST.LINEAR(35,'Données Force'!E2:E31,'Données Force'!A2:A31) | E2: Évolution Squat 1RM
A3: Bench | B3: =LOOKUP(10^10,'Données Force'!J2:J31) | C3: =SLOPE('Données Force'!J2:J31,'Données Force'!A2:A31) | D3: =FORECAST.LINEAR(35,'Données Force'!J2:J31,'Données Force'!A2:A31) | E3: Évolution Bench 1RM
A4: Deadlift | B4: =LOOKUP(10^10,'Données Force'!M2:M31) | C4: =SLOPE('Données Force'!M2:M31,'Données Force'!A2:A31) | D4: =FORECAST.LINEAR(35,'Données Force'!M2:M31,'Données Force'!A2:A31) | E4: Évolution Deadlift 1RM
A5: Traction Lestée | B5: =LOOKUP(10^10,'Données Force'!R2:R31) | C5: =SLOPE('Données Force'!R2:R31,'Données Force'!A2:A31) | D5: =FORECAST.LINEAR(35,'Données Force'!R2:R31,'Données Force'!A2:A31) | E5: Évolution traction lestée

Sheet Dashboard Global
A1: Synthèse Performance + Lifestyle
A3: Score SAH | B3: ='Score Athlète Hybride'!F2
A5: Readiness Moyen | B5: =AVERAGE('Lifestyle'!I2:I31)
A7: Fatigue Moyenne | B7: =AVERAGE('Fatigue & Readiness'!F2:F31)
A9: Séance Recommandée | B9: ='Auto-Séance'!C2
